"Spp","r","K"
"Heteromys gaumeri",0.0277777777777778,19.6875
"Ototylomys phyllotis",0.0303030303030303,31.8333333333333
"Peromyscus yucatanicus",0.0333333333333333,15
